seed,trial,difficulty,clues,empty_cells,algorithm,solved,time_repeats,time_ms,time_s,nodes,assignments,backtracks
440,1,Easy,40,41,Naive Backtracking,yes,21,0.094166,9.4166e-05,53,52,11
440,1,Easy,40,41,BT + Forward Checking,yes,21,0.479042,0.000479042,44,49,8
440,1,Easy,40,41,CSP + MRV (Project),yes,21,0.14125,0.00014125,42,41,0
440,1,Easy,40,41,CSP + MRV + LCV,yes,21,0.250708,0.000250708,42,41,0
440,2,Easy,40,41,Naive Backtracking,yes,21,1.39925,0.00139925,883,882,841
440,2,Easy,40,41,BT + Forward Checking,yes,21,3.67925,0.00367925,232,357,316
440,2,Easy,40,41,CSP + MRV (Project),yes,21,0.810208,0.000810208,42,41,0
440,2,Easy,40,41,CSP + MRV + LCV,yes,21,0.924459,0.000924459,42,41,0
440,3,Easy,40,41,Naive Backtracking,yes,21,0.26925,0.00026925,172,171,130
440,3,Easy,40,41,BT + Forward Checking,yes,21,0.461,0.000461,42,45,4
440,3,Easy,40,41,CSP + MRV (Project),yes,21,0.507709,0.000507709,42,41,0
440,3,Easy,40,41,CSP + MRV + LCV,yes,21,0.620125,0.000620125,42,41,0
440,4,Easy,40,41,Naive Backtracking,yes,21,0.172583,0.000172583,112,111,70
440,4,Easy,40,41,BT + Forward Checking,yes,21,0.874166,0.000874166,67,83,42
440,4,Easy,40,41,CSP + MRV (Project),yes,21,0.275125,0.000275125,42,41,0
440,4,Easy,40,41,CSP + MRV + LCV,yes,21,0.392375,0.000392375,42,41,0
440,5,Easy,40,41,Naive Backtracking,yes,21,0.199375,0.000199375,121,120,79
440,5,Easy,40,41,BT + Forward Checking,yes,21,0.96125,0.00096125,87,100,59
440,5,Easy,40,41,CSP + MRV (Project),yes,21,0.510958,0.000510958,42,41,0
440,5,Easy,40,41,CSP + MRV + LCV,yes,21,0.623666,0.000623666,42,41,0
440,6,Easy,40,41,Naive Backtracking,yes,21,0.195625,0.000195625,126,125,84
440,6,Easy,40,41,BT + Forward Checking,yes,21,0.784,0.000784,58,71,30
440,6,Easy,40,41,CSP + MRV (Project),yes,21,0.739084,0.000739084,42,41,0
440,6,Easy,40,41,CSP + MRV + LCV,yes,21,0.86,0.00086,42,41,0
440,7,Easy,40,41,Naive Backtracking,yes,21,0.120416,0.000120416,75,74,33
440,7,Easy,40,41,BT + Forward Checking,yes,21,0.574709,0.000574709,51,60,19
440,7,Easy,40,41,CSP + MRV (Project),yes,21,0.217167,0.000217167,42,41,0
440,7,Easy,40,41,CSP + MRV + LCV,yes,21,0.325958,0.000325958,42,41,0
440,8,Easy,40,41,Naive Backtracking,yes,21,0.169417,0.000169417,104,103,62
440,8,Easy,40,41,BT + Forward Checking,yes,21,0.671458,0.000671458,58,69,28
440,8,Easy,40,41,CSP + MRV (Project),yes,21,0.222291,0.000222291,42,41,0
440,8,Easy,40,41,CSP + MRV + LCV,yes,21,0.331125,0.000331125,42,41,0
440,9,Easy,40,41,Naive Backtracking,yes,21,0.2355,0.0002355,136,135,94
440,9,Easy,40,41,BT + Forward Checking,yes,21,0.64025,0.00064025,56,69,28
440,9,Easy,40,41,CSP + MRV (Project),yes,21,0.278291,0.000278291,42,41,0
440,9,Easy,40,41,CSP + MRV + LCV,yes,21,0.394375,0.000394375,42,41,0
440,10,Easy,40,41,Naive Backtracking,yes,21,0.134541,0.000134541,80,79,38
440,10,Easy,40,41,BT + Forward Checking,yes,21,0.501708,0.000501708,46,52,11
440,10,Easy,40,41,CSP + MRV (Project),yes,21,0.193875,0.000193875,42,41,0
440,10,Easy,40,41,CSP + MRV + LCV,yes,21,0.303167,0.000303167,42,41,0
440,1,Medium,32,49,Naive Backtracking,yes,21,0.397916,0.000397916,246,245,196
440,1,Medium,32,49,BT + Forward Checking,yes,21,1.53025,0.00153025,94,127,78
440,1,Medium,32,49,CSP + MRV (Project),yes,21,0.91125,0.00091125,50,49,0
440,1,Medium,32,49,CSP + MRV + LCV,yes,21,1.072792,0.001072792,50,49,0
440,2,Medium,32,49,Naive Backtracking,yes,21,0.417084,0.000417084,232,231,182
440,2,Medium,32,49,BT + Forward Checking,yes,21,1.015041,0.001015041,64,86,37
440,2,Medium,32,49,CSP + MRV (Project),yes,21,0.892292,0.000892292,60,59,10
440,2,Medium,32,49,CSP + MRV + LCV,yes,21,0.980958,0.000980958,50,49,0
440,3,Medium,32,49,Naive Backtracking,yes,21,1.995375,0.001995375,1238,1237,1188
440,3,Medium,32,49,BT + Forward Checking,yes,21,9.133167,0.009133167,604,831,782
440,3,Medium,32,49,CSP + MRV (Project),yes,21,1.81475,0.00181475,160,159,110
440,3,Medium,32,49,CSP + MRV + LCV,yes,21,1.056875,0.001056875,50,49,0
440,4,Medium,32,49,Naive Backtracking,yes,21,1.831083,0.001831083,1060,1059,1010
440,4,Medium,32,49,BT + Forward Checking,yes,21,6.403792,0.006403792,401,585,536
440,4,Medium,32,49,CSP + MRV (Project),yes,21,0.489542,0.000489542,50,49,0
440,4,Medium,32,49,CSP + MRV + LCV,yes,21,0.63575,0.00063575,50,49,0
440,5,Medium,32,49,Naive Backtracking,yes,21,2.448083,0.002448083,1527,1526,1477
440,5,Medium,32,49,BT + Forward Checking,yes,21,8.122166,0.008122166,380,633,584
440,5,Medium,32,49,CSP + MRV (Project),yes,21,0.786125,0.000786125,50,49,0
440,5,Medium,32,49,CSP + MRV + LCV,yes,21,0.951417,0.000951417,50,49,0
440,6,Medium,32,49,Naive Backtracking,yes,21,1.569708,0.001569708,903,902,853
440,6,Medium,32,49,BT + Forward Checking,yes,21,5.373167,0.005373167,317,452,403
440,6,Medium,32,49,CSP + MRV (Project),yes,21,0.9705,0.0009705,50,49,0
440,6,Medium,32,49,CSP + MRV + LCV,yes,21,1.125166,0.001125166,50,49,0
440,7,Medium,32,49,Naive Backtracking,yes,21,0.975333,0.000975333,560,559,510
440,7,Medium,32,49,BT + Forward Checking,yes,21,3.203,0.003203,207,270,221
440,7,Medium,32,49,CSP + MRV (Project),yes,21,0.777375,0.000777375,50,49,0
440,7,Medium,32,49,CSP + MRV + LCV,yes,21,0.9315,0.0009315,50,49,0
440,8,Medium,32,49,Naive Backtracking,yes,21,0.183375,0.000183375,101,100,51
440,8,Medium,32,49,BT + Forward Checking,yes,21,0.738458,0.000738458,52,60,11
440,8,Medium,32,49,CSP + MRV (Project),yes,21,1.460291,0.001460291,86,85,36
440,8,Medium,32,49,CSP + MRV + LCV,yes,21,1.74175,0.00174175,86,85,36
440,9,Medium,32,49,Naive Backtracking,yes,21,0.618541,0.000618541,347,346,297
440,9,Medium,32,49,BT + Forward Checking,yes,21,0.991833,0.000991833,65,82,33
440,9,Medium,32,49,CSP + MRV (Project),yes,21,0.761125,0.000761125,50,49,0
440,9,Medium,32,49,CSP + MRV + LCV,yes,21,0.910417,0.000910417,50,49,0
440,10,Medium,32,49,Naive Backtracking,yes,21,23.139209,0.023139209,12824,12823,12774
440,10,Medium,32,49,BT + Forward Checking,yes,21,32.645292,0.032645292,1684,2638,2589
440,10,Medium,32,49,CSP + MRV (Project),yes,21,1.556458,0.001556458,50,49,0
440,10,Medium,32,49,CSP + MRV + LCV,yes,21,1.730458,0.001730458,50,49,0
440,1,Hard,26,55,Naive Backtracking,yes,21,16.352833,0.016352833,9126,9125,9070
440,1,Hard,26,55,BT + Forward Checking,yes,21,39.475667,0.039475667,1904,2773,2718
440,1,Hard,26,55,CSP + MRV (Project),yes,21,1.209041,0.001209041,56,55,0
440,1,Hard,26,55,CSP + MRV + LCV,yes,21,1.503917,0.001503917,67,66,11
440,2,Hard,26,55,Naive Backtracking,yes,21,4.806208,0.004806208,2646,2645,2590
440,2,Hard,26,55,BT + Forward Checking,yes,21,16.401292,0.016401292,879,1283,1228
440,2,Hard,26,55,CSP + MRV (Project),yes,21,4.642667,0.004642667,310,309,254
440,2,Hard,26,55,CSP + MRV + LCV,yes,21,5.834,0.005834,322,321,266
440,3,Hard,27,54,Naive Backtracking,yes,21,981.231291,0.981231291,555375,555374,555320
440,3,Hard,27,54,BT + Forward Checking,yes,21,353.624167,0.353624167,16791,28556,28502
440,3,Hard,27,54,CSP + MRV (Project),yes,21,2.120667,0.002120667,73,72,18
440,3,Hard,27,54,CSP + MRV + LCV,yes,21,2.389292,0.002389292,73,72,18
440,4,Hard,26,55,Naive Backtracking,yes,21,212.628208,0.212628208,124748,124747,124692
440,4,Hard,26,55,BT + Forward Checking,yes,21,157.718417,0.157718417,6730,11512,11457
440,4,Hard,26,55,CSP + MRV (Project),yes,21,2.633791,0.002633791,135,134,79
440,4,Hard,26,55,CSP + MRV + LCV,yes,21,2.305083,0.002305083,63,62,7
440,5,Hard,26,55,Naive Backtracking,yes,21,99.176083,0.099176083,56134,56133,56078
440,5,Hard,26,55,BT + Forward Checking,yes,21,144.3255,0.1443255,7427,10872,10817
440,5,Hard,26,55,CSP + MRV (Project),yes,21,7.480417,0.007480417,400,399,344
440,5,Hard,26,55,CSP + MRV + LCV,yes,21,8.719208,0.008719208,377,376,321
440,6,Hard,26,55,Naive Backtracking,yes,21,4.770834,0.004770834,2626,2625,2570
440,6,Hard,26,55,BT + Forward Checking,yes,21,6.551416,0.006551416,342,521,466
440,6,Hard,26,55,CSP + MRV (Project),yes,21,1.260375,0.001260375,56,55,0
440,6,Hard,26,55,CSP + MRV + LCV,yes,21,1.693042,0.001693042,66,65,10
440,7,Hard,26,55,Naive Backtracking,yes,21,30.79075,0.03079075,17204,17203,17148
440,7,Hard,26,55,BT + Forward Checking,yes,21,124.160042,0.124160042,6279,9187,9132
440,7,Hard,26,55,CSP + MRV (Project),yes,21,7.310208,0.007310208,297,296,241
440,7,Hard,26,55,CSP + MRV + LCV,yes,21,6.28225,0.00628225,203,202,147
440,8,Hard,26,55,Naive Backtracking,yes,21,38.323083,0.038323083,23292,23291,23236
440,8,Hard,26,55,BT + Forward Checking,yes,21,104.446167,0.104446167,4798,7248,7193
440,8,Hard,26,55,CSP + MRV (Project),yes,21,2.094208,0.002094208,70,69,14
440,8,Hard,26,55,CSP + MRV + LCV,yes,21,2.884833,0.002884833,83,82,27
440,9,Hard,26,55,Naive Backtracking,yes,21,8.845292,0.008845292,4638,4637,4582
440,9,Hard,26,55,BT + Forward Checking,yes,21,22.21525,0.02221525,1256,1711,1656
440,9,Hard,26,55,CSP + MRV (Project),yes,21,1.920167,0.001920167,92,91,36
440,9,Hard,26,55,CSP + MRV + LCV,yes,21,2.265584,0.002265584,92,91,36
440,10,Hard,26,55,Naive Backtracking,yes,21,0.569125,0.000569125,316,315,260
440,10,Hard,26,55,BT + Forward Checking,yes,21,2.270333,0.002270333,137,176,121
440,10,Hard,26,55,CSP + MRV (Project),yes,21,0.909708,0.000909708,65,64,9
440,10,Hard,26,55,CSP + MRV + LCV,yes,21,1.140708,0.001140708,65,64,9
